{"cameraMode":{"drawMode":0,"name":"Shaded","section":"Shading Mode"},"sceneLighting":false,"audioPlay":false,"sceneViewState":{"showFog":true,"showMaterialUpdate":false,"showSkybox":false,"showFlares":true,"showImageEffects":true,"showParticleSystems":true,"showVisualEffectGraphs":true,"m_FxEnabled":true},"in2DMode":false,"pivot":{"x":1.4378256797790528,"y":4.949179649353027,"z":-0.1056976318359375},"rotation":{"x":-0.001499992678873241,"y":-0.0029999923426657917,"z":-0.000004499991518969182,"w":0.9999943375587463},"size":11.267173767089844,"orthographic":false}